transcript_id,interruption_id,final_annotation
143632,250487,Overlap
195382,397350,Co-operative Interruption
242139,524053,Disagreement Interruption
197466,403087,Others
126785,176754,Floor-taking Interruption
263836,571477,Disagreement Interruption
160239,311063,Floor-taking Interruption
233936,502868,Disagreement Interruption
234652,505097,Overlap
198167,405036,Floor-taking Interruption
234652,505060,Floor-taking Interruption
234652,505080,Others
175615,352729,Others
164913,322012,Floor-taking Interruption
234652,505099,Topic-changing Interruption
242010,523718,Floor-taking Interruption
169573,335643,Others
136914,217924,Topic-changing Interruption
89848,77374,Co-operative Interruption
263836,571489,Disagreement Interruption
131956,196633,Floor-taking Interruption
263836,571479,Floor-taking Interruption
194053,394429,Co-operative Interruption
263836,571481,Floor-taking Interruption
133685,203778,Backchannel
121688,157623,Others
242010,523710,Disagreement Interruption
263836,571488,Co-operative Interruption
263836,571476,Floor-taking Interruption
235849,508332,Floor-taking Interruption
242010,523709,Disagreement Interruption
263836,571499,Disagreement Interruption
199041,407490,Floor-taking Interruption
83795,71849,Floor-taking Interruption
263836,571504,Floor-taking Interruption
214400,450876,Backchannel
263836,571498,Backchannel
262219,561445,Floor-taking Interruption
267119,590259,Floor-taking Interruption
165884,324899,Others
242010,523730,Floor-taking Interruption
234652,505098,Floor-taking Interruption
177072,356317,Co-operative Interruption
234652,505092,Disagreement Interruption
142661,246353,Floor-taking Interruption
263252,567978,Co-operative Interruption
124935,169790,Backchannel
141871,242399,Backchannel
198219,405172,Floor-taking Interruption
263836,571502,Topic-changing Interruption
262219,561421,Co-operative Interruption
153550,288477,Floor-taking Interruption
177691,357666,Floor-taking Interruption
262219,561430,Disagreement Interruption
234652,505085,Floor-taking Interruption
233203,500718,Others
263836,571503,Floor-taking Interruption
219532,463634,Backchannel
235849,508296,Floor-taking Interruption
234652,505057,Floor-taking Interruption
70700,63260,Floor-taking Interruption
263836,571505,Disagreement Interruption
149795,274484,Floor-taking Interruption
234652,505102,Floor-taking Interruption
235849,508290,Backchannel
242139,524064,Topic-changing Interruption
142211,244155,Floor-taking Interruption
259641,551837,Floor-taking Interruption
235849,508307,Floor-taking Interruption
234652,505067,Disagreement Interruption
213599,448931,Overlap
165626,324047,Overlap
153034,286571,Floor-taking Interruption
54455,45176,Overlap
234652,505139,Floor-taking Interruption
262219,561419,Backchannel
234652,505062,Backchannel
215970,455070,Overlap
262219,561435,Floor-taking Interruption
142944,247621,Floor-taking Interruption
209146,436987,Floor-taking Interruption
234652,505115,Floor-taking Interruption
144833,255062,Floor-taking Interruption
242139,524068,Floor-taking Interruption
239435,517177,Topic-changing Interruption
234652,505105,Floor-taking Interruption
234652,505121,Floor-taking Interruption
263836,571495,Co-operative Interruption
234652,505112,Floor-taking Interruption
235849,508289,Floor-taking Interruption
263836,571474,Co-operative Interruption
240320,519670,Overlap
234652,505061,Co-operative Interruption
138087,223590,Overlap
234652,505077,Disagreement Interruption
235849,508317,Backchannel
196964,401862,Floor-taking Interruption
122033,158896,Co-operative Interruption
204345,422822,Floor-taking Interruption
202281,416575,Co-operative Interruption
143267,249065,Co-operative Interruption
179093,360726,Floor-taking Interruption
242010,523729,Disagreement Interruption
140866,237043,Backchannel
194738,395925,Floor-taking Interruption
222156,471342,Floor-taking Interruption
189982,385930,Floor-taking Interruption
263836,571478,Floor-taking Interruption
139264,229212,Others
263836,571480,Floor-taking Interruption
133225,201729,Floor-taking Interruption
124427,168043,Floor-taking Interruption
15593,12438,Floor-taking Interruption
106778,115827,Floor-taking Interruption
243466,527230,Floor-taking Interruption
171870,342371,Floor-taking Interruption
143680,250662,Floor-taking Interruption
101058,102732,Overlap
242139,524060,Floor-taking Interruption
234652,505083,Others
158390,306225,Floor-taking Interruption
141293,239266,Floor-taking Interruption
208684,435724,Overlap
163394,319063,Co-operative Interruption
218380,460759,Floor-taking Interruption
121939,158556,Floor-taking Interruption
234652,505094,Floor-taking Interruption
262219,561436,Backchannel
234652,505089,Disagreement Interruption
255637,547210,Topic-changing Interruption
172873,345805,Floor-taking Interruption
123362,164101,Co-operative Interruption
242010,523719,Others
262219,561441,Co-operative Interruption
235849,508315,Disagreement Interruption
234652,505109,Overlap
259345,551555,Backchannel
234652,505063,Floor-taking Interruption
89848,77376,Co-operative Interruption
263836,571487,Floor-taking Interruption
209425,437724,Topic-changing Interruption
262219,561418,Overlap
242010,523740,Floor-taking Interruption
242139,524042,Floor-taking Interruption
262219,561424,Overlap
178887,360226,Backchannel
209894,439076,Floor-taking Interruption
263836,571494,Backchannel
199629,409036,Floor-taking Interruption
263836,571475,Floor-taking Interruption
262219,561443,Co-operative Interruption
197222,402584,Backchannel
191515,389216,Backchannel
149705,274194,Floor-taking Interruption
140311,234186,Floor-taking Interruption
138951,227670,Overlap
235849,508284,Floor-taking Interruption
234652,505068,Floor-taking Interruption
184255,373035,Floor-taking Interruption
242139,524072,Disagreement Interruption
133173,201468,Others
150393,276581,Floor-taking Interruption
234652,505104,Disagreement Interruption
74141,65618,Floor-taking Interruption
199085,407650,Backchannel
234652,505116,Disagreement Interruption
231039,495575,Others
156601,299497,Overlap
218771,461745,Floor-taking Interruption
184518,373677,Floor-taking Interruption
242010,523708,Co-operative Interruption
129876,188284,Backchannel
187474,380515,Backchannel
242139,524062,Overlap
242139,524040,Floor-taking Interruption
96148,90507,Floor-taking Interruption
169463,335303,Co-operative Interruption
242010,523720,Backchannel
117706,144862,Backchannel
267722,593589,Floor-taking Interruption
42358,34606,Co-operative Interruption
139260,229194,Overlap
234652,505069,Disagreement Interruption
204599,423654,Disagreement Interruption
204337,422786,Floor-taking Interruption
192092,390539,Backchannel
262313,562008,Disagreement Interruption
263836,571500,Overlap
95599,89036,Overlap
177058,356267,Floor-taking Interruption
235849,508316,Backchannel
178769,359921,Overlap
262219,561432,Floor-taking Interruption
142038,243284,Floor-taking Interruption
235849,508301,Disagreement Interruption
263836,571497,Backchannel
115634,138076,Floor-taking Interruption
135974,213139,Floor-taking Interruption
153513,288341,Floor-taking Interruption
234652,505118,Floor-taking Interruption
263836,571501,Floor-taking Interruption
234652,505136,Co-operative Interruption
242139,524069,Disagreement Interruption
242010,523715,Floor-taking Interruption
196235,399609,Co-operative Interruption
230493,494252,Overlap
234652,505058,Floor-taking Interruption
151386,280356,Overlap
235849,508306,Backchannel
123208,163462,Others
133741,204037,Backchannel
159101,307957,Backchannel
136672,216829,Disagreement Interruption
145441,257799,Floor-taking Interruption
86193,74164,Floor-taking Interruption
242139,524057,Floor-taking Interruption
242010,523724,Floor-taking Interruption
234652,505133,Backchannel
141358,239741,Floor-taking Interruption
214259,450462,Floor-taking Interruption
162791,317767,Overlap
191400,389014,Floor-taking Interruption
118862,148588,Floor-taking Interruption
262219,561440,Others
128035,181335,Co-operative Interruption
235849,508319,Backchannel
242010,523725,Floor-taking Interruption
115366,137272,Backchannel
117632,144641,Overlap
125491,171588,Floor-taking Interruption
117441,143973,Overlap
243644,527629,Floor-taking Interruption
235849,508308,Overlap
234652,505086,Floor-taking Interruption
236095,509016,Co-operative Interruption
136444,215535,Floor-taking Interruption
235849,508325,Overlap
261815,559141,Disagreement Interruption
242010,523714,Floor-taking Interruption
234652,505079,Floor-taking Interruption
222729,472791,Floor-taking Interruption
234652,505126,Floor-taking Interruption
227739,486907,Floor-taking Interruption
234667,505153,Overlap
262219,561437,Floor-taking Interruption
66991,59553,Topic-changing Interruption
175124,351377,Overlap
180680,364350,Overlap
263836,571491,Co-operative Interruption
203618,420748,Floor-taking Interruption
96728,92237,Backchannel
177459,357297,Floor-taking Interruption
105055,111462,Overlap
234946,505923,Co-operative Interruption
139146,228711,Floor-taking Interruption
235849,508322,Overlap
234652,505114,Floor-taking Interruption
263836,571492,Floor-taking Interruption
197955,404366,Floor-taking Interruption
189724,385254,Overlap
175171,351508,Floor-taking Interruption
154682,292833,Floor-taking Interruption
234652,505117,Disagreement Interruption
154240,291171,Overlap
262219,561416,Overlap
234652,505140,Backchannel
242139,524061,Floor-taking Interruption
235849,508292,Disagreement Interruption
232378,498739,Floor-taking Interruption
242139,524065,Others
212535,445885,Co-operative Interruption
93880,84938,Floor-taking Interruption
201298,413244,Floor-taking Interruption
141678,241500,Topic-changing Interruption
205438,426559,Backchannel
242139,524037,Floor-taking Interruption
255947,547651,Floor-taking Interruption
263836,571496,Floor-taking Interruption
149569,273715,Backchannel
181433,366257,Floor-taking Interruption
152385,284062,Disagreement Interruption
152514,284548,Backchannel
229520,491723,Floor-taking Interruption
151042,278957,Floor-taking Interruption
235849,508314,Backchannel
235849,508335,Backchannel
94897,87273,Floor-taking Interruption
262219,561439,Others
171657,341611,Floor-taking Interruption
199040,407484,Floor-taking Interruption
242010,523716,Floor-taking Interruption
242010,523717,Disagreement Interruption
234652,505084,Co-operative Interruption
97596,94203,Floor-taking Interruption
262219,561434,Floor-taking Interruption
234652,505129,Floor-taking Interruption
263836,571483,Floor-taking Interruption
234652,505072,Disagreement Interruption
98907,97074,Floor-taking Interruption
193645,393585,Overlap
108106,118998,Topic-changing Interruption
205428,426515,Co-operative Interruption
91158,78989,Floor-taking Interruption
230663,494675,Overlap
242010,523743,Floor-taking Interruption
242010,523732,Disagreement Interruption
235849,508326,Floor-taking Interruption
122256,159690,Floor-taking Interruption
242139,524052,Floor-taking Interruption
133498,202966,Backchannel
234652,505065,Floor-taking Interruption
234652,505108,Floor-taking Interruption
264700,576196,Floor-taking Interruption
242139,524046,Floor-taking Interruption
198311,405507,Floor-taking Interruption
242139,524063,Floor-taking Interruption
262936,565799,Floor-taking Interruption
234652,505087,Disagreement Interruption
235849,508323,Disagreement Interruption
139083,228384,Overlap
242010,523726,Disagreement Interruption
234652,505110,Others
235849,508303,Floor-taking Interruption
158813,307180,Overlap
263836,571490,Backchannel
242010,523728,Floor-taking Interruption
234652,505113,Floor-taking Interruption
234652,505093,Floor-taking Interruption
198911,407167,Backchannel
141320,239449,Co-operative Interruption
142944,247620,Overlap
222115,471248,Floor-taking Interruption
189780,385381,Floor-taking Interruption
231775,497407,Floor-taking Interruption
242010,523727,Floor-taking Interruption
262219,561428,Co-operative Interruption
123323,163949,Topic-changing Interruption
234652,505091,Disagreement Interruption
19694,15634,Backchannel
195537,397813,Backchannel
235849,508302,Backchannel
187505,380573,Floor-taking Interruption
142041,243317,Floor-taking Interruption
234652,505070,Floor-taking Interruption
201663,414381,Others
132422,198414,Floor-taking Interruption
242010,523736,Disagreement Interruption
202352,416823,Floor-taking Interruption
235849,508286,Floor-taking Interruption
136619,216524,Floor-taking Interruption
112509,128760,Co-operative Interruption
160490,311875,Others
192910,392087,Floor-taking Interruption
242139,524056,Floor-taking Interruption
242139,524054,Others
155401,295438,Floor-taking Interruption
102666,106501,Disagreement Interruption
235849,508333,Floor-taking Interruption
234652,505073,Floor-taking Interruption
225924,481676,Co-operative Interruption
203236,419673,Co-operative Interruption
161711,315131,Floor-taking Interruption
68519,61131,Floor-taking Interruption
262219,561426,Floor-taking Interruption
145313,257360,Floor-taking Interruption
145667,258780,Overlap
238572,515126,Floor-taking Interruption
171659,341624,Floor-taking Interruption
232530,499134,Co-operative Interruption
240392,519985,Floor-taking Interruption
135250,209963,Backchannel
235849,508293,Floor-taking Interruption
235849,508288,Overlap
228915,489975,Floor-taking Interruption
238227,514316,Co-operative Interruption
262219,561425,Backchannel
136053,213576,Backchannel
247784,537188,Backchannel
235849,508327,Backchannel
206685,430331,Topic-changing Interruption
152029,282731,Topic-changing Interruption
234372,504271,Others
242010,523733,Floor-taking Interruption
99616,98927,Floor-taking Interruption
118247,146839,Co-operative Interruption
198295,405414,Backchannel
172025,342955,Floor-taking Interruption
229077,490536,Overlap
234652,505128,Floor-taking Interruption
201956,415657,Backchannel
28659,24980,Floor-taking Interruption
234652,505096,Floor-taking Interruption
234652,505074,Floor-taking Interruption
242139,524048,Floor-taking Interruption
98304,95721,Others
142524,245596,Overlap
242139,524066,Floor-taking Interruption
253177,543835,Others
130666,191414,Backchannel
132543,198810,Floor-taking Interruption
245518,532074,Floor-taking Interruption
160724,312456,Floor-taking Interruption
261464,556727,Backchannel
235849,508285,Disagreement Interruption
122205,159510,Backchannel
141395,239956,Backchannel
67647,60255,Co-operative Interruption
184601,373904,Backchannel
262219,561431,Backchannel
128543,183395,Overlap
234652,505119,Disagreement Interruption
120681,154388,Floor-taking Interruption
234652,505056,Floor-taking Interruption
242692,525491,Backchannel
234652,505131,Floor-taking Interruption
186284,377933,Floor-taking Interruption
244750,530216,Floor-taking Interruption
125380,171143,Floor-taking Interruption
242010,523738,Backchannel
262219,561420,Floor-taking Interruption
58883,50313,Floor-taking Interruption
159991,310289,Co-operative Interruption
195303,397142,Overlap
147825,267631,Floor-taking Interruption
123710,165448,Floor-taking Interruption
116374,140237,Overlap
242139,524043,Floor-taking Interruption
153757,289244,Overlap
234652,505076,Floor-taking Interruption
242139,524067,Floor-taking Interruption
157517,302987,Backchannel
242139,524038,Floor-taking Interruption
192413,391186,Topic-changing Interruption
175868,353246,Topic-changing Interruption
148572,269998,Floor-taking Interruption
163999,320189,Floor-taking Interruption
235849,508330,Floor-taking Interruption
235849,508331,Backchannel
115711,138326,Backchannel
178858,360161,Overlap
135827,212458,Floor-taking Interruption
234652,505106,Disagreement Interruption
141165,238580,Floor-taking Interruption
242139,524041,Floor-taking Interruption
242010,523713,Disagreement Interruption
181560,366682,Floor-taking Interruption
235849,508291,Others
202613,417723,Backchannel
220380,465910,Floor-taking Interruption
243186,526579,Floor-taking Interruption
220569,466609,Floor-taking Interruption
235849,508287,Floor-taking Interruption
231121,495866,Co-operative Interruption
244870,530540,Overlap
242139,524045,Floor-taking Interruption
234652,505078,Disagreement Interruption
15023,11923,Floor-taking Interruption
234652,505059,Overlap
190327,386583,Floor-taking Interruption
131947,196564,Backchannel
234652,505100,Disagreement Interruption
242139,524059,Floor-taking Interruption
112869,129741,Floor-taking Interruption
204836,424448,Floor-taking Interruption
188902,383457,Floor-taking Interruption
88404,76029,Floor-taking Interruption
234652,505066,Co-operative Interruption
138009,223273,Floor-taking Interruption
236137,509127,Floor-taking Interruption
101152,102995,Floor-taking Interruption
118555,147683,Floor-taking Interruption
218647,461380,Floor-taking Interruption
128893,184560,Floor-taking Interruption
220287,465679,Floor-taking Interruption
265751,582290,Disagreement Interruption
171290,340351,Backchannel
262219,561438,Floor-taking Interruption
215715,454466,Floor-taking Interruption
225454,480402,Disagreement Interruption
202860,418437,Topic-changing Interruption
235849,508297,Floor-taking Interruption
260885,553381,Backchannel
262219,561427,Floor-taking Interruption
234652,505130,Disagreement Interruption
262219,561417,Floor-taking Interruption
181740,367120,Floor-taking Interruption
242010,523739,Floor-taking Interruption
234652,505122,Disagreement Interruption
211536,443307,Floor-taking Interruption
234652,505088,Floor-taking Interruption
44806,36407,Floor-taking Interruption
182389,368855,Floor-taking Interruption
49289,40063,Overlap
20694,16643,Overlap
209807,438895,Topic-changing Interruption
184895,374695,Topic-changing Interruption
242010,523742,Floor-taking Interruption
235849,508328,Overlap
146003,260165,Floor-taking Interruption
121792,158048,Floor-taking Interruption
171089,339803,Floor-taking Interruption
149737,274300,Floor-taking Interruption
235849,508282,Floor-taking Interruption
235849,508313,Floor-taking Interruption
234652,505082,Floor-taking Interruption
133995,205037,Others
140966,237550,Disagreement Interruption
235849,508318,Floor-taking Interruption
147907,267880,Disagreement Interruption
237304,512346,Backchannel
64318,56620,Floor-taking Interruption
234652,505111,Floor-taking Interruption
221531,469817,Backchannel
180854,364781,Floor-taking Interruption
262219,561444,Floor-taking Interruption
261774,558854,Backchannel
262219,561422,Backchannel
248532,538814,Overlap
214551,451283,Floor-taking Interruption
235849,508334,Backchannel
226155,482346,Floor-taking Interruption
234652,505107,Floor-taking Interruption
109274,122107,Backchannel
138244,224380,Others
234652,505134,Floor-taking Interruption
235849,508298,Floor-taking Interruption
114751,135306,Backchannel
242010,523722,Floor-taking Interruption
213734,449220,Floor-taking Interruption
221316,469191,Floor-taking Interruption
198582,406248,Floor-taking Interruption
156674,299690,Floor-taking Interruption
225342,480099,Others
213646,449027,Floor-taking Interruption
114516,134594,Floor-taking Interruption
235849,508304,Backchannel
208314,434792,Floor-taking Interruption
141082,238179,Floor-taking Interruption
234652,505081,Backchannel
237052,511625,Floor-taking Interruption
234652,505064,Floor-taking Interruption
101694,104372,Floor-taking Interruption
241930,523526,Floor-taking Interruption
123871,166133,Floor-taking Interruption
211234,442636,Floor-taking Interruption
243248,526729,Floor-taking Interruption
242139,524051,Floor-taking Interruption
235849,508283,Co-operative Interruption
234652,505075,Disagreement Interruption
235849,508320,Floor-taking Interruption
248130,538004,Floor-taking Interruption
242139,524044,Floor-taking Interruption
240811,520899,Floor-taking Interruption
242139,524055,Floor-taking Interruption
242010,523711,Floor-taking Interruption
125171,170577,Floor-taking Interruption
141813,242100,Floor-taking Interruption
235849,508299,Disagreement Interruption
242139,524047,Backchannel
142686,246502,Floor-taking Interruption
131609,195076,Floor-taking Interruption
203438,420217,Floor-taking Interruption
116021,139286,Floor-taking Interruption
152616,284903,Others
191513,389208,Floor-taking Interruption
177305,356914,Topic-changing Interruption
194826,396055,Overlap
235849,508321,Backchannel
262219,561429,Floor-taking Interruption
242139,524058,Floor-taking Interruption
234652,505120,Floor-taking Interruption
242620,525250,Floor-taking Interruption
140030,232971,Backchannel
234652,505101,Floor-taking Interruption
242010,523712,Floor-taking Interruption
265959,583573,Co-operative Interruption
112661,129159,Floor-taking Interruption
242010,523721,Floor-taking Interruption
237326,512430,Disagreement Interruption
170716,338811,Floor-taking Interruption
204590,423615,Others
139865,232248,Backchannel
101574,104124,Floor-taking Interruption
262219,561433,Co-operative Interruption
169036,334012,Overlap
176985,356081,Co-operative Interruption
262219,561442,Backchannel
166799,327263,Floor-taking Interruption
234652,505125,Floor-taking Interruption
129579,187229,Floor-taking Interruption
234652,505135,Floor-taking Interruption
242010,523737,Disagreement Interruption
242010,523723,Floor-taking Interruption
223194,474141,Floor-taking Interruption
221008,468210,Floor-taking Interruption
221008,468201,Floor-taking Interruption
23179,19256,Topic-changing Interruption
23179,19276,Floor-taking Interruption
261813,559124,Floor-taking Interruption
261813,559122,Others
225193,479499,Floor-taking Interruption
261781,558906,Floor-taking Interruption
232378,498798,Floor-taking Interruption
23179,19272,Overlap
23179,19285,Co-operative Interruption
228551,489176,Overlap
23179,19300,Floor-taking Interruption
220596,466737,Floor-taking Interruption
221008,468207,Floor-taking Interruption
220596,466756,Floor-taking Interruption
262806,565077,Backchannel
228551,489206,Floor-taking Interruption
267802,594007,Co-operative Interruption
220553,466509,Floor-taking Interruption
224526,477702,Co-operative Interruption
262312,561995,Backchannel
224526,477697,Floor-taking Interruption
220596,466749,Backchannel
228551,489204,Floor-taking Interruption
225193,479511,Floor-taking Interruption
221008,468216,Floor-taking Interruption
224526,477682,Floor-taking Interruption
262312,561997,Overlap
232378,498774,Disagreement Interruption
23179,19250,Overlap
262282,561808,Floor-taking Interruption
266585,587193,Others
221008,468189,Disagreement Interruption
228551,489217,Overlap
235461,507384,Others
262282,561805,Floor-taking Interruption
267133,590357,Floor-taking Interruption
220553,466505,Disagreement Interruption
225193,479532,Overlap
225193,479481,Co-operative Interruption
23179,19243,Floor-taking Interruption
224526,477711,Backchannel
235461,507376,Floor-taking Interruption
262806,565051,Floor-taking Interruption
262312,561998,Others
228551,489182,Floor-taking Interruption
228551,489178,Floor-taking Interruption
261781,558915,Overlap
220553,466515,Floor-taking Interruption
235461,507398,Co-operative Interruption
261813,559111,Floor-taking Interruption
235461,507373,Disagreement Interruption
261813,559112,Floor-taking Interruption
225193,479530,Backchannel
232378,498759,Floor-taking Interruption
266585,587201,Backchannel
232378,498767,Floor-taking Interruption
232378,498738,Floor-taking Interruption
225193,479497,Floor-taking Interruption
228551,489163,Floor-taking Interruption
266657,587553,Others
228551,489164,Floor-taking Interruption
232378,498782,Overlap
224526,477689,Floor-taking Interruption
235461,507396,Floor-taking Interruption
228551,489221,Floor-taking Interruption
228551,489175,Disagreement Interruption
224526,477710,Floor-taking Interruption
235461,507383,Disagreement Interruption
262312,561989,Floor-taking Interruption
262312,561999,Backchannel
261459,556693,Backchannel
220553,466531,Floor-taking Interruption
261781,558910,Co-operative Interruption
235461,507380,Floor-taking Interruption
261459,556708,Backchannel
228551,489157,Backchannel
224526,477706,Disagreement Interruption
221008,468225,Others
261813,559123,Co-operative Interruption
221008,468195,Floor-taking Interruption
23179,19295,Overlap
224526,477707,Disagreement Interruption
267133,590334,Floor-taking Interruption
228551,489177,Floor-taking Interruption
235461,507375,Floor-taking Interruption
225193,479500,Disagreement Interruption
220596,466722,Disagreement Interruption
23179,19252,Others
220553,466498,Overlap
225193,479529,Floor-taking Interruption
221008,468228,Floor-taking Interruption
235461,507387,Overlap
266657,587557,Floor-taking Interruption
225193,479501,Floor-taking Interruption
261459,556697,Overlap
221008,468229,Floor-taking Interruption
224526,477670,Floor-taking Interruption
228551,489200,Floor-taking Interruption
267133,590353,Floor-taking Interruption
262282,561791,Floor-taking Interruption
228551,489199,Floor-taking Interruption
235461,507377,Others
267133,590356,Floor-taking Interruption
261813,559110,Co-operative Interruption
225193,479514,Floor-taking Interruption
261459,556704,Backchannel
228551,489169,Floor-taking Interruption
220553,466542,Overlap
224526,477691,Co-operative Interruption
23179,19294,Floor-taking Interruption
261459,556706,Overlap
220596,466736,Overlap
220596,466701,Backchannel
232378,498765,Floor-taking Interruption
232378,498793,Disagreement Interruption
23179,19282,Floor-taking Interruption
221008,468186,Others
23179,19293,Others
232378,498768,Floor-taking Interruption
225193,479492,Floor-taking Interruption
266585,587188,Backchannel
23179,19260,Floor-taking Interruption
235461,507406,Floor-taking Interruption
232378,498750,Floor-taking Interruption
261459,556700,Overlap
23179,19297,Floor-taking Interruption
262806,565059,Disagreement Interruption
267133,590346,Floor-taking Interruption
266585,587194,Overlap
221008,468224,Floor-taking Interruption
235461,507403,Floor-taking Interruption
235461,507381,Co-operative Interruption
235461,507371,Others
220596,466697,Floor-taking Interruption
221008,468236,Floor-taking Interruption
262282,561803,Floor-taking Interruption
235461,507401,Disagreement Interruption
235461,507402,Floor-taking Interruption
224526,477679,Floor-taking Interruption
220553,466527,Backchannel
235461,507391,Floor-taking Interruption
228551,489205,Floor-taking Interruption
235461,507386,Others
224526,477686,Floor-taking Interruption
224526,477690,Disagreement Interruption
23179,19259,Overlap
262806,565069,Topic-changing Interruption
235461,507393,Floor-taking Interruption
225193,479531,Floor-taking Interruption
225193,479525,Floor-taking Interruption
267802,594020,Co-operative Interruption
261781,558914,Floor-taking Interruption
266657,587546,Floor-taking Interruption
261459,556703,Backchannel
23179,19290,Overlap
225193,479504,Floor-taking Interruption
220553,466492,Others
228551,489173,Overlap
262806,565061,Backchannel
224526,477700,Backchannel
220596,466720,Others
262806,565055,Backchannel
235461,507405,Overlap
220596,466706,Co-operative Interruption
221008,468218,Floor-taking Interruption
228551,489167,Co-operative Interruption
262806,565052,Others
220596,466724,Disagreement Interruption
224526,477688,Floor-taking Interruption
23179,19266,Floor-taking Interruption
261459,556699,Backchannel
228551,489196,Disagreement Interruption
23179,19280,Floor-taking Interruption
261459,556696,Backchannel
267133,590333,Overlap
225193,479491,Floor-taking Interruption
220553,466507,Floor-taking Interruption
221008,468244,Overlap
224526,477705,Floor-taking Interruption
220553,466538,Overlap
225193,479513,Others
266657,587563,Floor-taking Interruption
267802,594004,Disagreement Interruption
224526,477678,Backchannel
224526,477718,Overlap
225193,479517,Disagreement Interruption
228551,489159,Floor-taking Interruption
266657,587552,Overlap
232378,498787,Floor-taking Interruption
224526,477681,Floor-taking Interruption
220596,466752,Floor-taking Interruption
221008,468202,Disagreement Interruption
225193,479516,Floor-taking Interruption
228551,489188,Floor-taking Interruption
23179,19279,Co-operative Interruption
267133,590335,Backchannel
225193,479508,Others
266657,587560,Overlap
232378,498784,Floor-taking Interruption
262312,562007,Overlap
261813,559113,Floor-taking Interruption
220596,466735,Floor-taking Interruption
228551,489151,Disagreement Interruption
224526,477694,Overlap
235461,507372,Overlap
221008,468214,Floor-taking Interruption
224526,477675,Disagreement Interruption
235461,507409,Floor-taking Interruption
23179,19254,Overlap
220596,466748,Overlap
224526,477674,Backchannel
225193,479528,Floor-taking Interruption
266585,587196,Floor-taking Interruption
220596,466746,Floor-taking Interruption
228551,489179,Floor-taking Interruption
232378,498744,Floor-taking Interruption
221008,468243,Floor-taking Interruption
220553,466508,Disagreement Interruption
220553,466522,Floor-taking Interruption
235461,507395,Floor-taking Interruption
220553,466496,Floor-taking Interruption
225193,479510,Overlap
266657,587558,Floor-taking Interruption
232378,498801,Floor-taking Interruption
261813,559114,Floor-taking Interruption
261813,559116,Others
232378,498772,Disagreement Interruption
228551,489213,Disagreement Interruption
267802,594012,Floor-taking Interruption
266585,587195,Overlap
23179,19257,Co-operative Interruption
224526,477684,Overlap
266657,587555,Floor-taking Interruption
23179,19248,Floor-taking Interruption
232378,498743,Floor-taking Interruption
220553,466501,Overlap
232378,498755,Floor-taking Interruption
232378,498788,Floor-taking Interruption
228551,489150,Floor-taking Interruption
232378,498748,Floor-taking Interruption
220553,466532,Floor-taking Interruption
232378,498756,Floor-taking Interruption
228551,489194,Floor-taking Interruption
228551,489220,Disagreement Interruption
220553,466520,Floor-taking Interruption
267802,594014,Floor-taking Interruption
232378,498785,Floor-taking Interruption
225193,479523,Floor-taking Interruption
221008,468232,Disagreement Interruption
267133,590345,Backchannel
225193,479483,Overlap
221008,468219,Floor-taking Interruption
228551,489180,Floor-taking Interruption
221008,468204,Floor-taking Interruption
232378,498796,Floor-taking Interruption
228551,489171,Floor-taking Interruption
221008,468208,Floor-taking Interruption
235461,507369,Disagreement Interruption
220596,466711,Floor-taking Interruption
224526,477672,Floor-taking Interruption
221008,468187,Floor-taking Interruption
221008,468192,Floor-taking Interruption
261781,558911,Floor-taking Interruption
221008,468220,Floor-taking Interruption
232378,498747,Floor-taking Interruption
220553,466526,Backchannel
262312,561993,Overlap
225193,479515,Floor-taking Interruption
232378,498746,Disagreement Interruption
220553,466519,Floor-taking Interruption
267802,594022,Overlap
221008,468193,Disagreement Interruption
23179,19242,Floor-taking Interruption
23179,19291,Overlap
221008,468185,Floor-taking Interruption
261459,556701,Backchannel
228551,489165,Co-operative Interruption
220553,466536,Disagreement Interruption
220596,466712,Floor-taking Interruption
232378,498753,Floor-taking Interruption
221008,468237,Disagreement Interruption
232378,498758,Disagreement Interruption
220553,466537,Floor-taking Interruption
221008,468227,Floor-taking Interruption
232378,498791,Floor-taking Interruption
228551,489168,Disagreement Interruption
224526,477685,Backchannel
232378,498780,Floor-taking Interruption
220596,466704,Backchannel
232378,498766,Floor-taking Interruption
235461,507411,Floor-taking Interruption
228551,489203,Floor-taking Interruption
221008,468238,Floor-taking Interruption
23179,19271,Floor-taking Interruption
235461,507399,Co-operative Interruption
23179,19245,Co-operative Interruption
220596,466713,Backchannel
235461,507388,Floor-taking Interruption
221008,468200,Disagreement Interruption
232378,498794,Floor-taking Interruption
225193,479493,Overlap
262806,565070,Disagreement Interruption
228551,489218,Others
160430,311697,Floor-taking Interruption
148151,268606,Others
272409,613147,Co-operative Interruption
234652,505090,Co-operative Interruption
270792,606375,Floor-taking Interruption
220553,466506,Floor-taking Interruption
263836,571486,Co-operative Interruption
220596,466710,Disagreement Interruption
120213,152911,Overlap
265536,581220,Floor-taking Interruption
95149,87934,Floor-taking Interruption
261781,558901,Disagreement Interruption
262282,561795,Overlap
204613,423749,Backchannel
261813,559117,Topic-changing Interruption
262312,562001,Overlap
242010,523746,Backchannel
262282,561798,Co-operative Interruption
220553,466503,Floor-taking Interruption
224526,477701,Overlap
236947,511383,Floor-taking Interruption
12823,9862,Co-operative Interruption
221008,468206,Disagreement Interruption
14656,11616,Floor-taking Interruption
235461,507379,Disagreement Interruption
232378,498740,Floor-taking Interruption
267133,590355,Co-operative Interruption
248357,538475,Floor-taking Interruption
236143,509160,Co-operative Interruption
23179,19244,Overlap
270792,606383,Co-operative Interruption
275051,624017,Floor-taking Interruption
234652,505127,Floor-taking Interruption
263836,571485,Overlap
275051,624008,Floor-taking Interruption
244377,529500,Topic-changing Interruption
143877,251487,Overlap
267133,590351,Floor-taking Interruption
235461,507390,Disagreement Interruption
220553,466534,Overlap
266585,587207,Floor-taking Interruption
262806,565054,Floor-taking Interruption
220553,466504,Floor-taking Interruption
225193,479518,Backchannel
274054,619741,Co-operative Interruption
272409,613155,Floor-taking Interruption
275051,624018,Overlap
148573,270012,Backchannel
202412,417016,Others
235461,507404,Floor-taking Interruption
220553,466500,Backchannel
273624,617849,Co-operative Interruption
119384,150225,Co-operative Interruption
204336,422781,Backchannel
261299,555888,Backchannel
157718,303902,Co-operative Interruption
262806,565064,Floor-taking Interruption
224526,477716,Floor-taking Interruption
274350,620983,Others
262282,561796,Floor-taking Interruption
161068,313325,Backchannel
269846,602661,Floor-taking Interruption
269428,600946,Floor-taking Interruption
270036,603473,Floor-taking Interruption
273624,617845,Overlap
267133,590349,Overlap
10434,8094,Overlap
270792,606386,Floor-taking Interruption
275051,624009,Floor-taking Interruption
221008,468199,Co-operative Interruption
200721,411921,Overlap
221008,468215,Disagreement Interruption
125301,170931,Floor-taking Interruption
266585,587190,Others
122730,161600,Disagreement Interruption
221008,468190,Floor-taking Interruption
203049,419055,Floor-taking Interruption
273624,617851,Overlap
264861,577178,Backchannel
228551,489191,Floor-taking Interruption
195411,397474,Co-operative Interruption
225193,479485,Overlap
221008,468239,Floor-taking Interruption
275051,624013,Floor-taking Interruption
224526,477696,Backchannel
220596,466703,Co-operative Interruption
275051,624004,Floor-taking Interruption
225193,479487,Backchannel
160722,312439,Backchannel
17966,14085,Floor-taking Interruption
225193,479498,Disagreement Interruption
266585,587200,Backchannel
274991,623737,Floor-taking Interruption
220553,466521,Floor-taking Interruption
161373,314055,Others
269002,599230,Co-operative Interruption
266440,586490,Floor-taking Interruption
131437,194259,Floor-taking Interruption
272409,613150,Floor-taking Interruption
234652,505071,Floor-taking Interruption
261781,558908,Disagreement Interruption
274350,620981,Floor-taking Interruption
232378,498742,Disagreement Interruption
270036,603471,Floor-taking Interruption
266585,587205,Disagreement Interruption
266657,587562,Floor-taking Interruption
204276,422632,Floor-taking Interruption
88562,76179,Floor-taking Interruption
273624,617841,Overlap
266585,587197,Overlap
220553,466533,Floor-taking Interruption
272921,615069,Floor-taking Interruption
220553,466525,Floor-taking Interruption
160699,312377,Floor-taking Interruption
23179,19284,Floor-taking Interruption
116320,140078,Backchannel
275051,624012,Floor-taking Interruption
229641,492133,Co-operative Interruption
122784,161766,Floor-taking Interruption
225193,479507,Floor-taking Interruption
180808,364649,Floor-taking Interruption
190654,387386,Co-operative Interruption
137908,222815,Floor-taking Interruption
274991,623744,Topic-changing Interruption
271768,610370,Disagreement Interruption
261459,556694,Floor-taking Interruption
220553,466502,Floor-taking Interruption
243019,526125,Co-operative Interruption
50897,41565,Floor-taking Interruption
59397,51016,Disagreement Interruption
268903,598777,Others
220596,466726,Overlap
267802,594003,Disagreement Interruption
244045,528527,Backchannel
270792,606384,Co-operative Interruption
62105,54297,Overlap
262806,565057,Disagreement Interruption
23179,19264,Overlap
271208,608136,Floor-taking Interruption
160778,312608,Floor-taking Interruption
217602,458583,Floor-taking Interruption
185615,376168,Floor-taking Interruption
220596,466702,Co-operative Interruption
237592,512913,Overlap
242010,523741,Floor-taking Interruption
268903,598792,Overlap
267133,590336,Others
220596,466745,Floor-taking Interruption
266657,587547,Co-operative Interruption
244116,528686,Floor-taking Interruption
272921,615068,Floor-taking Interruption
203260,419749,Co-operative Interruption
262806,565058,Co-operative Interruption
262282,561811,Co-operative Interruption
235461,507382,Floor-taking Interruption
140882,237126,Floor-taking Interruption
274350,620984,Floor-taking Interruption
221008,468242,Floor-taking Interruption
228551,489186,Floor-taking Interruption
262806,565062,Co-operative Interruption
267133,590338,Co-operative Interruption
66009,58428,Floor-taking Interruption
232378,498815,Floor-taking Interruption
261813,559118,Floor-taking Interruption
192352,391078,Disagreement Interruption
261459,556695,Backchannel
137405,220430,Overlap
154108,290650,Overlap
275051,624006,Floor-taking Interruption
118452,147452,Floor-taking Interruption
274054,619749,Floor-taking Interruption
23179,19289,Co-operative Interruption
232378,498804,Floor-taking Interruption
272921,615076,Co-operative Interruption
228551,489190,Disagreement Interruption
123384,164172,Floor-taking Interruption
58007,49070,Floor-taking Interruption
224526,477712,Backchannel
262312,561994,Backchannel
100522,101279,Floor-taking Interruption
224526,477703,Floor-taking Interruption
226333,482942,Floor-taking Interruption
208315,434793,Backchannel
262312,561991,Backchannel
275051,624010,Floor-taking Interruption
224526,477671,Backchannel
271208,608152,Floor-taking Interruption
274054,619748,Overlap
232378,498745,Disagreement Interruption
196655,400873,Overlap
263570,569840,Floor-taking Interruption
262312,562002,Backchannel
234652,505123,Floor-taking Interruption
242010,523744,Floor-taking Interruption
275250,624846,Topic-changing Interruption
261813,559121,Co-operative Interruption
232378,498813,Floor-taking Interruption
132230,197791,Floor-taking Interruption
262282,561809,Co-operative Interruption
227322,485785,Backchannel
23179,19292,Floor-taking Interruption
232378,498741,Disagreement Interruption
263702,570785,Floor-taking Interruption
220553,466495,Floor-taking Interruption
177736,357762,Co-operative Interruption
225193,479495,Floor-taking Interruption
87504,75324,Floor-taking Interruption
126865,177029,Co-operative Interruption
262312,562005,Overlap
179526,361855,Floor-taking Interruption
267383,591899,Floor-taking Interruption
267802,594002,Floor-taking Interruption
136080,213730,Co-operative Interruption
127120,177966,Overlap
261206,555256,Floor-taking Interruption
220596,466734,Co-operative Interruption
197206,402505,Topic-changing Interruption
224526,477721,Overlap
118569,147759,Floor-taking Interruption
228551,489166,Floor-taking Interruption
145062,256103,Overlap
269770,602282,Overlap
270036,603463,Floor-taking Interruption
221008,468205,Backchannel
267802,594005,Others
225193,479512,Disagreement Interruption
268903,598791,Floor-taking Interruption
235205,506626,Floor-taking Interruption
220596,466738,Others
274991,623731,Backchannel
273624,617856,Floor-taking Interruption
220596,466740,Backchannel
271768,610354,Topic-changing Interruption
271208,608138,Co-operative Interruption
120396,153471,Floor-taking Interruption
235849,508312,Backchannel
6279,5317,Floor-taking Interruption
266585,587208,Floor-taking Interruption
142904,247379,Backchannel
127788,180473,Co-operative Interruption
128838,184370,Others
231110,495823,Floor-taking Interruption
271208,608135,Disagreement Interruption
274991,623734,Co-operative Interruption
21024,17153,Floor-taking Interruption
228551,489207,Floor-taking Interruption
274991,623741,Backchannel
274054,619739,Floor-taking Interruption
272409,613162,Disagreement Interruption
138163,224056,Overlap
150620,277399,Floor-taking Interruption
274350,620985,Floor-taking Interruption
274350,620982,Floor-taking Interruption
232378,498805,Disagreement Interruption
271768,610369,Overlap
262806,565053,Co-operative Interruption
228551,489152,Co-operative Interruption
268903,598786,Floor-taking Interruption
154249,291211,Backchannel
109649,123044,Floor-taking Interruption
232378,498760,Floor-taking Interruption
262940,565820,Floor-taking Interruption
23179,19277,Co-operative Interruption
23539,19609,Floor-taking Interruption
121056,155484,Floor-taking Interruption
160172,310836,Floor-taking Interruption
256743,549070,Co-operative Interruption
234652,505132,Floor-taking Interruption
271208,608147,Disagreement Interruption
132376,198237,Co-operative Interruption
220596,466707,Floor-taking Interruption
262282,561802,Co-operative Interruption
23179,19274,Others
232378,498807,Floor-taking Interruption
114023,133216,Co-operative Interruption
242139,524039,Floor-taking Interruption
225193,479496,Disagreement Interruption
94031,85344,Disagreement Interruption
146969,264192,Floor-taking Interruption
262282,561810,Floor-taking Interruption
268582,597299,Overlap
272921,615072,Floor-taking Interruption
221008,468194,Co-operative Interruption
268903,598787,Co-operative Interruption
267133,590337,Backchannel
266657,587561,Co-operative Interruption
134535,207215,Co-operative Interruption
232378,498800,Floor-taking Interruption
225193,479509,Co-operative Interruption
160549,312019,Floor-taking Interruption
39295,32968,Backchannel
122546,160921,Disagreement Interruption
111825,127214,Disagreement Interruption
232378,498786,Overlap
143435,249729,Floor-taking Interruption
229146,490727,Co-operative Interruption
270792,606379,Floor-taking Interruption
228551,489185,Floor-taking Interruption
268903,598789,Floor-taking Interruption
220553,466510,Floor-taking Interruption
4583,4014,Co-operative Interruption
270036,603462,Co-operative Interruption
228551,489222,Co-operative Interruption
224526,477709,Co-operative Interruption
106002,113857,Backchannel
262806,565073,Backchannel
174198,349282,Overlap
220553,466497,Disagreement Interruption
23179,19258,Others
262282,561800,Floor-taking Interruption
235461,507378,Others
212628,446139,Disagreement Interruption
175762,353056,Floor-taking Interruption
211886,444299,Co-operative Interruption
267802,594017,Floor-taking Interruption
261813,559107,Floor-taking Interruption
235461,507368,Disagreement Interruption
122321,159951,Overlap
261781,558899,Backchannel
262282,561804,Topic-changing Interruption
220282,465655,Floor-taking Interruption
271208,608134,Floor-taking Interruption
225193,479522,Backchannel
110225,124277,Others
262312,561992,Backchannel
104689,110611,Floor-taking Interruption
23179,19281,Others
91238,79199,Co-operative Interruption
268754,597966,Floor-taking Interruption
232378,498808,Disagreement Interruption
220596,466741,Disagreement Interruption
23179,19251,Floor-taking Interruption
220596,466698,Floor-taking Interruption
232378,498803,Co-operative Interruption
274991,623739,Backchannel
267802,594006,Co-operative Interruption
234652,505138,Backchannel
116246,139872,Floor-taking Interruption
266657,587554,Co-operative Interruption
224526,477715,Disagreement Interruption
220596,466715,Backchannel
262312,562000,Floor-taking Interruption
40542,33764,Backchannel
263248,567971,Co-operative Interruption
270792,606376,Co-operative Interruption
232378,498769,Floor-taking Interruption
217837,459233,Floor-taking Interruption
232378,498778,Floor-taking Interruption
273624,617853,Floor-taking Interruption
273624,617855,Co-operative Interruption
27012,23282,Floor-taking Interruption
53645,44314,Co-operative Interruption
23179,19249,Co-operative Interruption
150735,277742,Overlap
40209,33591,Floor-taking Interruption
271768,610368,Floor-taking Interruption
228551,489201,Backchannel
139881,232319,Backchannel
234652,505124,Disagreement Interruption
117473,144108,Backchannel
220596,466705,Floor-taking Interruption
228551,489184,Backchannel
275250,624836,Floor-taking Interruption
268903,598785,Floor-taking Interruption
271208,608151,Floor-taking Interruption
166849,327362,Backchannel
220553,466494,Floor-taking Interruption
220596,466750,Disagreement Interruption
274054,619742,Disagreement Interruption
111824,127211,Co-operative Interruption
232378,498775,Disagreement Interruption
207202,431606,Floor-taking Interruption
239783,517987,Floor-taking Interruption
221008,468212,Floor-taking Interruption
232378,498773,Disagreement Interruption
263754,571016,Co-operative Interruption
262806,565067,Disagreement Interruption
271768,610373,Floor-taking Interruption
182992,370110,Backchannel
242139,524071,Floor-taking Interruption
235461,507389,Others
264011,572540,Disagreement Interruption
272409,613144,Floor-taking Interruption
205507,426791,Disagreement Interruption
275250,624831,Floor-taking Interruption
272409,613166,Floor-taking Interruption
220596,466719,Backchannel
273624,617843,Co-operative Interruption
23179,19246,Disagreement Interruption
263836,571506,Co-operative Interruption
272409,613157,Floor-taking Interruption
55800,46607,Floor-taking Interruption
232378,498771,Floor-taking Interruption
220553,466535,Floor-taking Interruption
224526,477719,Co-operative Interruption
165887,324931,Co-operative Interruption
224526,477677,Overlap
262806,565072,Backchannel
171945,342617,Co-operative Interruption
155851,296968,Floor-taking Interruption
136611,216458,Backchannel
142534,245660,Floor-taking Interruption
262282,561794,Co-operative Interruption
267802,594008,Disagreement Interruption
275250,624840,Floor-taking Interruption
31604,27161,Co-operative Interruption
6348,5350,Disagreement Interruption
267133,590332,Overlap
188949,383562,Backchannel
140369,234524,Overlap
270806,606439,Co-operative Interruption
232378,498761,Floor-taking Interruption
149481,273392,Floor-taking Interruption
138555,225804,Disagreement Interruption
228551,489208,Floor-taking Interruption
220596,466700,Backchannel
262806,565066,Co-operative Interruption
262312,561988,Backchannel
220596,466733,Backchannel
180030,362955,Overlap
272409,613163,Floor-taking Interruption
156753,300055,Disagreement Interruption
232378,498776,Disagreement Interruption
235461,507366,Disagreement Interruption
190471,386898,Overlap
220553,466540,Floor-taking Interruption
145466,257902,Others
275250,624844,Co-operative Interruption
220596,466753,Floor-taking Interruption
267802,594013,Co-operative Interruption
121899,158380,Co-operative Interruption
263226,567847,Overlap
220596,466727,Disagreement Interruption
262806,565050,Backchannel
70213,62793,Co-operative Interruption
274991,623749,Floor-taking Interruption
54960,45755,Backchannel
220596,466742,Disagreement Interruption
59870,51665,Disagreement Interruption
220553,466512,Disagreement Interruption
232378,498783,Disagreement Interruption
267802,594021,Co-operative Interruption
220258,465506,Co-operative Interruption
122607,161166,Floor-taking Interruption
224526,477698,Disagreement Interruption
221008,468234,Floor-taking Interruption
88074,75781,Overlap
23179,19278,Others
239026,516142,Co-operative Interruption
242139,524050,Disagreement Interruption
266657,587550,Co-operative Interruption
267133,590352,Floor-taking Interruption
262598,563716,Backchannel
220596,466739,Backchannel
220596,466709,Disagreement Interruption
228551,489189,Floor-taking Interruption
275051,624014,Topic-changing Interruption
186786,379112,Floor-taking Interruption
262806,565063,Co-operative Interruption
220596,466699,Backchannel
224526,477720,Backchannel
262312,561985,Topic-changing Interruption
271768,610353,Floor-taking Interruption
220553,466489,Disagreement Interruption
220553,466514,Floor-taking Interruption
273624,617852,Floor-taking Interruption
172313,343988,Disagreement Interruption
275250,624838,Co-operative Interruption
151243,279805,Disagreement Interruption
271208,608149,Floor-taking Interruption
231810,497505,Floor-taking Interruption
220596,466728,Floor-taking Interruption
187873,381437,Disagreement Interruption
129084,185258,Co-operative Interruption
116761,141510,Floor-taking Interruption
267133,590344,Backchannel
23179,19302,Floor-taking Interruption
106782,115847,Floor-taking Interruption
262282,561807,Co-operative Interruption
248141,538015,Co-operative Interruption
235849,508311,Floor-taking Interruption
273624,617840,Co-operative Interruption
242010,523734,Floor-taking Interruption
232378,498777,Disagreement Interruption
221008,468211,Floor-taking Interruption
30837,26660,Topic-changing Interruption
23179,19253,Co-operative Interruption
274991,623735,Floor-taking Interruption
261781,558900,Backchannel
140489,235127,Backchannel
270792,606377,Floor-taking Interruption
237311,512360,Floor-taking Interruption
128417,182885,Co-operative Interruption
242656,525399,Co-operative Interruption
228551,489215,Co-operative Interruption
271208,608148,Floor-taking Interruption
270036,603474,Floor-taking Interruption
232631,499371,Floor-taking Interruption
98353,95801,Co-operative Interruption
167357,328605,Disagreement Interruption
266315,585513,Disagreement Interruption
225193,479490,Floor-taking Interruption
261772,558838,Overlap
228551,489161,Floor-taking Interruption
274991,623748,Co-operative Interruption
263836,571482,Co-operative Interruption
267802,594010,Backchannel
220553,466529,Co-operative Interruption
264774,576568,Floor-taking Interruption
224526,477704,Disagreement Interruption
220553,466539,Floor-taking Interruption
232378,498810,Disagreement Interruption
266585,587198,Floor-taking Interruption
2378,2019,Disagreement Interruption
191523,389226,Floor-taking Interruption
273624,617846,Disagreement Interruption
86579,74512,Floor-taking Interruption
270036,603465,Floor-taking Interruption
236060,508917,Disagreement Interruption
271768,610359,Others
265920,583362,Floor-taking Interruption
274350,620992,Co-operative Interruption
228551,489219,Floor-taking Interruption
261813,559126,Overlap
275250,624833,Co-operative Interruption
270792,606381,Others
262512,563183,Floor-taking Interruption
262806,565071,Floor-taking Interruption
267133,590339,Co-operative Interruption
271768,610352,Floor-taking Interruption
126927,177289,Floor-taking Interruption
270036,603466,Co-operative Interruption
208427,435105,Floor-taking Interruption
261813,559115,Others
220553,466513,Floor-taking Interruption
184861,374588,Backchannel
243797,528050,Floor-taking Interruption
266657,587548,Disagreement Interruption
274350,620991,Floor-taking Interruption
271208,608145,Floor-taking Interruption
274991,623750,Floor-taking Interruption
263836,571484,Overlap
221008,468209,Floor-taking Interruption
207358,431893,Floor-taking Interruption
271768,610367,Floor-taking Interruption
274991,623747,Floor-taking Interruption
271768,610372,Floor-taking Interruption
22117,18285,Others
165949,325076,Backchannel
262806,565056,Co-operative Interruption
228551,489174,Disagreement Interruption
274350,620989,Co-operative Interruption
232378,498809,Floor-taking Interruption
144221,252643,Co-operative Interruption
272921,615071,Floor-taking Interruption
235849,508310,Backchannel
272409,613145,Floor-taking Interruption
224526,477692,Overlap
223547,475019,Disagreement Interruption
23179,19273,Floor-taking Interruption
261781,558902,Floor-taking Interruption
211673,443648,Floor-taking Interruption
23179,19255,Co-operative Interruption
271768,610358,Floor-taking Interruption
270036,603464,Floor-taking Interruption
274350,620994,Disagreement Interruption
266585,587203,Floor-taking Interruption
137878,222708,Overlap
274350,620987,Disagreement Interruption
221008,468191,Disagreement Interruption
195605,397944,Floor-taking Interruption
172919,345972,Co-operative Interruption
270792,606387,Floor-taking Interruption
210200,440094,Overlap
137703,221804,Overlap
275250,624835,Floor-taking Interruption
234652,505103,Floor-taking Interruption
274991,623751,Floor-taking Interruption
274054,619737,Others
108211,119240,Floor-taking Interruption
272409,613164,Overlap
261459,556702,Floor-taking Interruption
225193,479520,Disagreement Interruption
221008,468221,Disagreement Interruption
157772,304102,Co-operative Interruption
149314,272755,Disagreement Interruption
220596,466717,Backchannel
264524,575255,Co-operative Interruption
266585,587202,Co-operative Interruption
275250,624842,Floor-taking Interruption
235849,508309,Floor-taking Interruption
275250,624841,Floor-taking Interruption
268903,598784,Co-operative Interruption
274991,623732,Co-operative Interruption
274350,620998,Overlap
274991,623742,Disagreement Interruption
274350,620990,Co-operative Interruption
218218,460335,Floor-taking Interruption
228551,489210,Disagreement Interruption
268903,598781,Co-operative Interruption
217754,459063,Co-operative Interruption
191341,388902,Floor-taking Interruption
132005,196854,Co-operative Interruption
224526,477673,Backchannel
272921,615077,Disagreement Interruption
235461,507367,Floor-taking Interruption
234652,505137,Floor-taking Interruption
154745,293059,Floor-taking Interruption
23179,19299,Others
268110,595503,Overlap
255992,547718,Overlap
258828,550986,Backchannel
271208,608139,Co-operative Interruption
234681,505178,Co-operative Interruption
239053,516194,Co-operative Interruption
209291,437397,Disagreement Interruption
222599,472501,Backchannel
262312,561990,Backchannel
225193,479527,Floor-taking Interruption
267133,590354,Co-operative Interruption
261781,558916,Co-operative Interruption
105129,111697,Disagreement Interruption
80869,70205,Floor-taking Interruption
273624,617850,Floor-taking Interruption
232378,498779,Floor-taking Interruption
220553,466541,Overlap
216170,455438,Disagreement Interruption
270036,603472,Topic-changing Interruption
232378,498814,Disagreement Interruption
228551,489148,Disagreement Interruption
266657,587559,Co-operative Interruption
23179,19270,Co-operative Interruption
236675,510522,Floor-taking Interruption
261459,556698,Backchannel
272409,613153,Floor-taking Interruption
225193,479482,Floor-taking Interruption
27504,24041,Floor-taking Interruption
274350,620993,Floor-taking Interruption
271208,608150,Overlap
184836,374538,Backchannel
263807,571289,Topic-changing Interruption
232378,498806,Disagreement Interruption
23179,19267,Co-operative Interruption
221008,468241,Floor-taking Interruption
274054,619745,Co-operative Interruption
23179,19298,Co-operative Interruption
271208,608137,Co-operative Interruption
274002,619533,Co-operative Interruption
47270,38447,Floor-taking Interruption
268903,598775,Floor-taking Interruption
208787,436067,Disagreement Interruption
142215,244173,Floor-taking Interruption
271208,608143,Floor-taking Interruption
23179,19261,Co-operative Interruption
228551,489162,Floor-taking Interruption
271768,610362,Floor-taking Interruption
224526,477683,Floor-taking Interruption
260083,552251,Overlap
221008,468196,Disagreement Interruption
220596,466721,Co-operative Interruption
271768,610364,Floor-taking Interruption
267802,594015,Floor-taking Interruption
799,766,Backchannel
232378,498781,Co-operative Interruption
235849,508329,Floor-taking Interruption
232378,498790,Floor-taking Interruption
274350,620986,Floor-taking Interruption
228551,489153,Floor-taking Interruption
220553,466545,Disagreement Interruption
23179,19265,Backchannel
275051,624016,Floor-taking Interruption
267802,594011,Co-operative Interruption
106743,115681,Floor-taking Interruption
228551,489158,Floor-taking Interruption
161763,315280,Co-operative Interruption
133984,205005,Backchannel
232378,498799,Floor-taking Interruption
220596,466754,Disagreement Interruption
220506,466327,Co-operative Interruption
228551,489198,Floor-taking Interruption
272409,613159,Floor-taking Interruption
266585,587204,Backchannel
262312,562004,Co-operative Interruption
28486,24848,Co-operative Interruption
235461,507400,Floor-taking Interruption
220596,466755,Disagreement Interruption
258117,550296,Overlap
34750,29497,Co-operative Interruption
228551,489183,Floor-taking Interruption
275250,624832,Co-operative Interruption
275250,624834,Floor-taking Interruption
225193,479494,Floor-taking Interruption
221008,468233,Backchannel
235849,508324,Backchannel
274054,619746,Disagreement Interruption
114415,134332,Floor-taking Interruption
275250,624843,Disagreement Interruption
225193,479484,Floor-taking Interruption
261813,559119,Floor-taking Interruption
167502,328957,Disagreement Interruption
186590,378662,Disagreement Interruption
221008,468222,Co-operative Interruption
21022,17146,Others
272921,615073,Floor-taking Interruption
128166,181933,Floor-taking Interruption
130725,191673,Floor-taking Interruption
220553,466488,Backchannel
274350,620997,Co-operative Interruption
270036,603468,Floor-taking Interruption
235461,507370,Others
232378,498770,Floor-taking Interruption
235461,507392,Floor-taking Interruption
228551,489187,Co-operative Interruption
116579,140905,Floor-taking Interruption
221008,468203,Floor-taking Interruption
115337,137177,Floor-taking Interruption
235849,508336,Floor-taking Interruption
261813,559125,Overlap
267133,590343,Backchannel
64767,57102,Floor-taking Interruption
8682,6884,Floor-taking Interruption
232378,498792,Floor-taking Interruption
138708,226528,Floor-taking Interruption
157228,301809,Floor-taking Interruption
275051,624005,Floor-taking Interruption
228551,489214,Floor-taking Interruption
270036,603469,Disagreement Interruption
266657,587551,Co-operative Interruption
235461,507410,Disagreement Interruption
193155,392510,Floor-taking Interruption
83866,71929,Floor-taking Interruption
232378,498811,Co-operative Interruption
223393,474685,Floor-taking Interruption
271208,608146,Floor-taking Interruption
220553,466544,Others
236874,511173,Floor-taking Interruption
220553,466511,Floor-taking Interruption
185275,375493,Backchannel
273624,617842,Floor-taking Interruption
225193,479506,Co-operative Interruption
228551,489149,Disagreement Interruption
225193,479526,Disagreement Interruption
272409,613161,Floor-taking Interruption
23179,19262,Backchannel
182939,369995,Topic-changing Interruption
23179,19286,Floor-taking Interruption
67614,60242,Backchannel
274350,620996,Floor-taking Interruption
220596,466743,Floor-taking Interruption
118659,148013,Floor-taking Interruption
225193,479502,Co-operative Interruption
232378,498762,Co-operative Interruption
220553,466546,Co-operative Interruption
224526,477714,Backchannel
220596,466751,Floor-taking Interruption
272409,613156,Floor-taking Interruption
204320,422742,Floor-taking Interruption
46692,38017,Co-operative Interruption
232378,498802,Floor-taking Interruption
156710,299856,Floor-taking Interruption
110795,125365,Co-operative Interruption
91198,79056,Floor-taking Interruption
272409,613168,Floor-taking Interruption
274991,623746,Floor-taking Interruption
269589,601568,Co-operative Interruption
267133,590341,Floor-taking Interruption
235461,507397,Disagreement Interruption
272409,613167,Floor-taking Interruption
274350,620980,Disagreement Interruption
190872,388082,Co-operative Interruption
270792,606382,Disagreement Interruption
262806,565076,Co-operative Interruption
262806,565068,Topic-changing Interruption
23179,19275,Floor-taking Interruption
121774,157955,Floor-taking Interruption
262282,561801,Floor-taking Interruption
224953,478896,Floor-taking Interruption
181672,366900,Backchannel
23179,19296,Floor-taking Interruption
273624,617848,Co-operative Interruption
268903,598790,Topic-changing Interruption
221008,468188,Disagreement Interruption
274350,620988,Floor-taking Interruption
224526,477695,Floor-taking Interruption
273324,616655,Floor-taking Interruption
23179,19247,Others
271768,610360,Floor-taking Interruption
235849,508295,Floor-taking Interruption
6519,5494,Co-operative Interruption
262282,561792,Floor-taking Interruption
262219,561423,Backchannel
262312,561996,Backchannel
220596,466714,Overlap
96417,91328,Co-operative Interruption
184907,374728,Floor-taking Interruption
274054,619738,Floor-taking Interruption
261781,558905,Floor-taking Interruption
275051,624015,Co-operative Interruption
228551,489209,Co-operative Interruption
267133,590347,Backchannel
157151,301523,Floor-taking Interruption
74154,65626,Floor-taking Interruption
226074,482057,Floor-taking Interruption
262312,561986,Overlap
221008,468231,Floor-taking Interruption
262806,565075,Disagreement Interruption
121394,156577,Others
275051,624007,Co-operative Interruption
224526,477676,Backchannel
194543,395517,Co-operative Interruption
95293,88356,Disagreement Interruption
133461,202798,Overlap
274991,623740,Co-operative Interruption
220596,466716,Floor-taking Interruption
228551,489211,Co-operative Interruption
182723,369493,Floor-taking Interruption
234652,505095,Floor-taking Interruption
220553,466490,Floor-taking Interruption
273624,617844,Disagreement Interruption
261813,559109,Backchannel
261269,555678,Floor-taking Interruption
228551,489170,Floor-taking Interruption
15740,12546,Floor-taking Interruption
267133,590350,Co-operative Interruption
221008,468226,Disagreement Interruption
232378,498797,Disagreement Interruption
262312,562003,Backchannel
137933,222923,Overlap
272409,613169,Co-operative Interruption
262282,561799,Overlap
271768,610361,Floor-taking Interruption
261781,558907,Disagreement Interruption
207063,431270,Floor-taking Interruption
239085,516295,Disagreement Interruption
118775,148295,Overlap
261813,559120,Floor-taking Interruption
221008,468197,Floor-taking Interruption
232378,498816,Co-operative Interruption
266585,587209,Topic-changing Interruption
196703,401007,Floor-taking Interruption
267133,590342,Co-operative Interruption
268903,598782,Overlap
36296,30684,Floor-taking Interruption
228551,489154,Floor-taking Interruption
224526,477708,Backchannel
262817,565142,Co-operative Interruption
274054,619744,Co-operative Interruption
146617,262834,Overlap
262312,562006,Floor-taking Interruption
261781,558912,Overlap
272921,615078,Floor-taking Interruption
261781,558913,Floor-taking Interruption
270792,606380,Floor-taking Interruption
232378,498764,Floor-taking Interruption
274054,619747,Floor-taking Interruption
247523,536609,Disagreement Interruption
261459,556705,Others
235461,507394,Floor-taking Interruption
221008,468235,Disagreement Interruption
268903,598788,Floor-taking Interruption
5127,4439,Backchannel
219691,464137,Disagreement Interruption
81897,70703,Co-operative Interruption
233461,501494,Co-operative Interruption
273218,616253,Overlap
224526,477717,Floor-taking Interruption
273624,617854,Co-operative Interruption
177218,356711,Floor-taking Interruption
234783,505415,Backchannel
267802,594009,Co-operative Interruption
173728,348190,Co-operative Interruption
271768,610349,Disagreement Interruption
228551,489160,Floor-taking Interruption
271768,610363,Co-operative Interruption
271768,610351,Others
272921,615070,Floor-taking Interruption
220553,466493,Floor-taking Interruption
220553,466523,Others
23179,19269,Others
242010,523731,Floor-taking Interruption
272409,613152,Co-operative Interruption
145073,256206,Backchannel
220596,466747,Co-operative Interruption
265962,583577,Overlap
235461,507385,Backchannel
274991,623743,Floor-taking Interruption
272536,613700,Co-operative Interruption
232378,498795,Floor-taking Interruption
143638,250500,Co-operative Interruption
266657,587549,Floor-taking Interruption
232378,498757,Floor-taking Interruption
271768,610365,Co-operative Interruption
272409,613160,Co-operative Interruption
89013,76640,Overlap
271208,608140,Floor-taking Interruption
261781,558917,Co-operative Interruption
272409,613154,Floor-taking Interruption
217709,458950,Co-operative Interruption
261813,559108,Co-operative Interruption
268903,598778,Floor-taking Interruption
146305,261479,Others
126229,174426,Floor-taking Interruption
222434,472060,Co-operative Interruption
132350,198137,Backchannel
220596,466725,Floor-taking Interruption
220553,466491,Backchannel
154638,292677,Floor-taking Interruption
232197,498355,Backchannel
272409,613146,Floor-taking Interruption
132019,196903,Co-operative Interruption
228337,488566,Backchannel
210189,440059,Topic-changing Interruption
41724,34304,Floor-taking Interruption
207418,432125,Co-operative Interruption
272921,615074,Floor-taking Interruption
69122,61711,Disagreement Interruption
272409,613143,Floor-taking Interruption
271208,608141,Floor-taking Interruption
242139,524070,Topic-changing Interruption
70580,63134,Floor-taking Interruption
266585,587189,Overlap
225351,480119,Co-operative Interruption
271768,610374,Disagreement Interruption
147314,265667,Disagreement Interruption
268145,595642,Floor-taking Interruption
105427,112427,Floor-taking Interruption
275250,624837,Floor-taking Interruption
272409,613149,Floor-taking Interruption
232378,498752,Floor-taking Interruption
220553,466499,Overlap
271768,610357,Floor-taking Interruption
202915,418662,Co-operative Interruption
142243,244320,Backchannel
23179,19283,Floor-taking Interruption
106801,115894,Floor-taking Interruption
220553,466518,Floor-taking Interruption
275250,624847,Others
162601,317293,Floor-taking Interruption
239914,518368,Backchannel
272921,615079,Floor-taking Interruption
228551,489212,Floor-taking Interruption
242139,524049,Disagreement Interruption
261459,556707,Backchannel
272409,613148,Topic-changing Interruption
225193,479488,Floor-taking Interruption
249681,540233,Disagreement Interruption
262806,565065,Co-operative Interruption
180258,363447,Backchannel
270036,603470,Others
84111,72203,Co-operative Interruption
253147,543769,Floor-taking Interruption
272409,613158,Floor-taking Interruption
201075,412716,Overlap
272828,614734,Co-operative Interruption
195308,397165,Floor-taking Interruption
261781,558904,Floor-taking Interruption
262806,565060,Floor-taking Interruption
271208,608142,Overlap
228551,489202,Floor-taking Interruption
266585,587192,Co-operative Interruption
145065,256136,Floor-taking Interruption
242010,523735,Floor-taking Interruption
220596,466731,Overlap
274054,619743,Floor-taking Interruption
232378,498754,Disagreement Interruption
232378,498812,Floor-taking Interruption
232378,498737,Backchannel
267802,594019,Others
268903,598776,Backchannel
228551,489195,Floor-taking Interruption
266657,587556,Backchannel
267802,594016,Others
272409,613151,Floor-taking Interruption
156577,299394,Backchannel
220553,466524,Floor-taking Interruption
224526,477713,Floor-taking Interruption
235461,507407,Floor-taking Interruption
267133,590340,Backchannel
228551,489156,Floor-taking Interruption
203366,419990,Overlap
139535,230584,Backchannel
261781,558903,Backchannel
273624,617847,Disagreement Interruption
266585,587191,Co-operative Interruption
23179,19301,Floor-taking Interruption
221008,468230,Floor-taking Interruption
270792,606385,Floor-taking Interruption
268903,598783,Overlap
262282,561793,Disagreement Interruption
235849,508305,Floor-taking Interruption
262312,561987,Floor-taking Interruption
242010,523745,Floor-taking Interruption
205359,426262,Co-operative Interruption
262282,561797,Others
147481,266400,Overlap
224526,477699,Backchannel
142477,245381,Topic-changing Interruption
134609,207590,Floor-taking Interruption
274054,619740,Backchannel
224526,477687,Floor-taking Interruption
137832,222468,Disagreement Interruption
161602,314825,Floor-taking Interruption
271768,610371,Floor-taking Interruption
272921,615075,Floor-taking Interruption
275051,624011,Disagreement Interruption
272921,615080,Floor-taking Interruption
205813,428070,Floor-taking Interruption
131426,194191,Overlap
274350,620995,Floor-taking Interruption
235849,508294,Floor-taking Interruption
265454,580816,Backchannel
224526,477680,Disagreement Interruption
184444,373508,Floor-taking Interruption
266585,587206,Co-operative Interruption
208353,434880,Co-operative Interruption
232378,498751,Disagreement Interruption
228551,489172,Floor-taking Interruption
224526,477693,Floor-taking Interruption
228551,489181,Floor-taking Interruption
220553,466543,Backchannel
272921,615081,Floor-taking Interruption
271768,610355,Floor-taking Interruption
220596,466729,Floor-taking Interruption
275250,624845,Co-operative Interruption
23179,19287,Floor-taking Interruption
221008,468213,Topic-changing Interruption
220596,466718,Floor-taking Interruption
275250,624848,Floor-taking Interruption
225193,479503,Floor-taking Interruption
275250,624839,Floor-taking Interruption
159219,308248,Topic-changing Interruption
224932,478821,Topic-changing Interruption
23021,19052,Floor-taking Interruption
131672,195351,Co-operative Interruption
228551,489216,Floor-taking Interruption
271768,610350,Floor-taking Interruption
23179,19288,Co-operative Interruption
175405,352132,Floor-taking Interruption
215453,453773,Floor-taking Interruption
271768,610356,Floor-taking Interruption
225193,479489,Disagreement Interruption
220596,466744,Floor-taking Interruption
220596,466723,Floor-taking Interruption
262282,561806,Backchannel
151355,280248,Floor-taking Interruption
228551,489193,Floor-taking Interruption
268903,598780,Overlap
220553,466528,Backchannel
166288,325950,Co-operative Interruption
151369,280289,Overlap
247317,536186,Floor-taking Interruption
221008,468240,Co-operative Interruption
228551,489197,Floor-taking Interruption
185223,375359,Co-operative Interruption
131730,195644,Disagreement Interruption
199296,408203,Disagreement Interruption
137023,218438,Overlap
221008,468223,Floor-taking Interruption
270792,606378,Disagreement Interruption
272409,613165,Floor-taking Interruption
263836,571493,Others
221008,468217,Disagreement Interruption
261459,556692,Backchannel
186177,377627,Backchannel
266585,587199,Backchannel
271208,608144,Floor-taking Interruption
225193,479505,Floor-taking Interruption
101904,104895,Backchannel
274991,623733,Overlap
235461,507374,Floor-taking Interruption
246540,534209,Co-operative Interruption
220553,466516,Backchannel
260627,552857,Backchannel
232378,498749,Disagreement Interruption
232378,498789,Co-operative Interruption
262806,565074,Co-operative Interruption
23179,19268,Disagreement Interruption
271208,608133,Floor-taking Interruption
220596,466732,Backchannel
220553,466517,Co-operative Interruption
275051,624019,Others
232378,498763,Floor-taking Interruption
235849,508300,Co-operative Interruption
225193,479524,Floor-taking Interruption
228551,489155,Floor-taking Interruption
270036,603467,Floor-taking Interruption
235461,507408,Overlap
225193,479519,Floor-taking Interruption
220596,466708,Backchannel
23179,19263,Co-operative Interruption
94438,86294,Floor-taking Interruption
225193,479521,Floor-taking Interruption
274991,623736,Floor-taking Interruption
274991,623738,Co-operative Interruption
261781,558909,Floor-taking Interruption
228551,489192,Disagreement Interruption
267133,590348,Floor-taking Interruption
220553,466530,Backchannel
225193,479486,Floor-taking Interruption
271768,610366,Floor-taking Interruption
32301,27700,Others
